<datapower-configuration version="3">
  <export-details>
    <description>Exported Configuration</description>
    <user>regroot</user>
    <domain>ucdDemoDev</domain>
    <comment/>
    <product-id>5725</product-id>
    <product>XI50</product>
    <display-product>XI52</display-product>
    <model>DataPower XI50</model>
    <display-model>DataPower XI52</display-model>
    <device-name>192.168.13.80:9090</device-name>
    <serial-number>0000000</serial-number>
    <firmware-version>XI50.6.0.1.0</firmware-version>
    <display-firmware-version>XI52.6.0.1.0</display-firmware-version>
    <firmware-build>237837</firmware-build>
    <firmware-timestamp>2013/12/03 19:28:47</firmware-timestamp>
    <current-date>2014-05-12</current-date>
    <current-time>21:33:29 MDT</current-time>
    <reset-date>2014-05-12</reset-date>
    <reset-time>18:09:39 MDT</reset-time>
    <login-message/>
    <custom-ui-file/>
  </export-details>
  <interface-data>
    <interface name="eth0" ip-addr="172.16.114.148"/>
    <interface name="eth1" ip-addr="192.168.13.80"/>
  </interface-data>
  <configuration domain="ucdDemoDev">
    <ConfigDeploymentPolicy name="fshAddressdev">
      <mAdminState>enabled</mAdminState>
      <ModifiedConfig>
        <Match>*/*/*?Name=ucdDemo-https&amp;Property=LocalAddress</Match>
        <Type>change</Type>
        <Property/>
        <Value>192.168.13.61</Value>
      </ModifiedConfig>
    </ConfigDeploymentPolicy>
    <ConfigDeploymentPolicy name="fshAddresssit">
      <mAdminState>enabled</mAdminState>
      <ModifiedConfig>
        <Match>*/*/*?Name=ucdDemo-https&amp;Property=LocalAddress</Match>
        <Type>change</Type>
        <Property/>
        <Value>192.168.13.71</Value>
      </ModifiedConfig>
    </ConfigDeploymentPolicy>
    <ConfigDeploymentPolicy name="fshAddressuat">
      <mAdminState>enabled</mAdminState>
      <ModifiedConfig>
        <Match>*/*/*?Name=ucdDemo-https&amp;Property=LocalAddress</Match>
        <Type>change</Type>
        <Property/>
        <Value>192.168.13.81</Value>
      </ModifiedConfig>
    </ConfigDeploymentPolicy>
    <ConfigDeploymentPolicy name="fshAddressprod">
      <mAdminState>enabled</mAdminState>
      <ModifiedConfig>
        <Match>*/*/*?Name=ucdDemo-https&amp;Property=LocalAddress</Match>
        <Type>change</Type>
        <Property/>
        <Value>192.168.13.91</Value>
      </ModifiedConfig>
    </ConfigDeploymentPolicy>
  </configuration>
  <files>
    <file name="webgui:///clixform.xsl" src="dp-aux/clixform.xsl" location="dp-aux" internal="true" hash="cdHyJn207Rm9SNWT9G6KG0UaIcY="/>
    <file name="webgui:///SchemaUtil.xsl" src="dp-aux/SchemaUtil.xsl" location="dp-aux" internal="true" hash="8fmsXUfiaQKycD1E2HoNtTPk95c="/>
    <file name="webgui:///management.xsl" src="dp-aux/management.xsl" location="dp-aux" internal="true" hash="+Ew49hOqS776HMWjBuzmaGBUaac="/>
    <file name="webgui:///map-dmz.xsl" src="dp-aux/map-dmz.xsl" location="dp-aux" internal="true" hash="IEZVhvGN+AlSI1ERT6daILfIUb0="/>
    <file name="webgui:///drMgmt.xml" src="dp-aux/drMgmt.xml" location="dp-aux" internal="true" hash="xxfYf3CIYRU4n82jrFLSKIWQoHU="/>
    <file name="webgui:///basetypes.xml" src="dp-aux/basetypes.xml" location="dp-aux" internal="true" hash="GQOjnw+cg9X3EfMOnJPhReELVss="/>
  </files>
</datapower-configuration>
