<datapower-configuration version="3"><export-details><description>Exported Configuration </description><user>admin</user><domain>default</domain><comment/><product-id>92354BX</product-id><product>XI50</product><display-product>XI50</display-product><model>DataPower XI50</model><display-model>DataPower XI50</display-model><device-name>isswdatapower9.rtp.raleigh.ibm.com</device-name><serial-number>6801885</serial-number><firmware-version>XI50.4.0.2.4</firmware-version><display-firmware-version>XI50.4.0.2.4</display-firmware-version><firmware-build>211216</firmware-build><firmware-timestamp>2012/03/25 08:54:14</firmware-timestamp><current-date>2012-04-02</current-date><current-time>16:17:26 EDT</current-time><reset-date>2012-03-29</reset-date><reset-time>15:42:09 EDT</reset-time><login-message/><custom-ui-file/></export-details><interface-data><interface name="eth0" ip-addr="9.37.128.109"/><interface name="eth2" ip-addr="167.6.236.173"/></interface-data><configuration domain="default"><CryptoKey name="device-id" xmlns:env="http://www.w3.org/2003/05/soap-envelope" xmlns:dp="http://www.datapower.com/schemas/management">
<mAdminState>enabled</mAdminState>
<Filename>cert:///device-id-privkey.pem</Filename>
<PasswordAlias>off</PasswordAlias></CryptoKey><SSHClientProfile name="simple" xmlns:env="http://www.w3.org/2003/05/soap-envelope" xmlns:dp="http://www.datapower.com/schemas/management">
<mAdminState>enabled</mAdminState>
<UserName>simple</UserName>
<ProfileUsage>sftp</ProfileUsage>
<SSHUserAuthentication>
<publickey>on</publickey>
<password>on</password></SSHUserAuthentication>
<UserPrivateKey class="CryptoKey">device-id</UserPrivateKey>
<Password>x</Password>
<PersistentConnections>on</PersistentConnections>
<PersistentConnectionTimeout>120</PersistentConnectionTimeout>
<StrictHostKeyChecking>off</StrictHostKeyChecking></SSHClientProfile></configuration><files><file name="cert:///device-id-privkey.pem" src="cert/device-id-privkey.pem" location="cert" key="true"/><file name="webgui:///clixform.xsl" src="dp-aux/clixform.xsl" location="dp-aux" internal="true" hash="FtPstVU4SbarUep8E2UZ0MVSfZA="/><file name="webgui:///SchemaUtil.xsl" src="dp-aux/SchemaUtil.xsl" location="dp-aux" internal="true" hash="+EyYZxcz8cJMOIPca5cc3w3UwKY="/><file name="webgui:///management.xsl" src="dp-aux/management.xsl" location="dp-aux" internal="true" hash="+Ew49hOqS776HMWjBuzmaGBUaac="/><file name="webgui:///map-dmz.xsl" src="dp-aux/map-dmz.xsl" location="dp-aux" internal="true" hash="IEZVhvGN+AlSI1ERT6daILfIUb0="/><file name="webgui:///drMgmt.xml" src="dp-aux/drMgmt.xml" location="dp-aux" internal="true" hash="ge+djCx5vZOpbaL/PMtvca+OEQo="/><file name="webgui:///basetypes.xml" src="dp-aux/basetypes.xml" location="dp-aux" internal="true" hash="va3o1RHfV1IkJRgzaRvf9jCxSgo="/></files></datapower-configuration>