<datapower-configuration version="3">
  <export-details>
    <description>Exported Configuration </description>
    <user>regroot</user>
    <domain>regroot</domain>
    <comment/>
    <product-id>9003-XI50-03</product-id>
    <product>XI50</product>
    <model>DataPower XI50</model>
    <device-name>9.37.128.101:9090</device-name>
    <serial-number>13002G6</serial-number>
    <firmware-version>XI50.3.8.2.11</firmware-version>
    <firmware-build>211236</firmware-build>
    <firmware-timestamp>2012/03/24 18:45:12</firmware-timestamp>
    <current-date>2012-08-28</current-date>
    <current-time>17:20:43 EDT</current-time>
    <reset-date>2012-03-29</reset-date>
    <reset-time>15:12:49 EDT</reset-time>
    <login-message/>
    <custom-ui-file/>
  </export-details>
  <interface-data>
    <interface name="eth0" ip-addr="9.37.128.101"/>
  </interface-data>
  <configuration domain="regroot">
    <HTTPSourceProtocolHandler name="logall-http" xmlns:env="http://www.w3.org/2003/05/soap-envelope" xmlns:dp="http://www.datapower.com/schemas/management">
      <mAdminState>enabled</mAdminState>
      <LocalAddress>0.0.0.0</LocalAddress>
      <LocalPort>1900</LocalPort>
      <HTTPVersion>HTTP/1.1</HTTPVersion>
      <AllowedFeatures>
        <HTTP-1.0>on</HTTP-1.0>
        <HTTP-1.1>on</HTTP-1.1>
        <POST>on</POST>
        <GET>off</GET>
        <PUT>on</PUT>
        <HEAD>off</HEAD>
        <OPTIONS>off</OPTIONS>
        <TRACE>off</TRACE>
        <DELETE>off</DELETE>
        <CONNECT>off</CONNECT>
        <QueryString>on</QueryString>
        <FragmentIdentifiers>on</FragmentIdentifiers>
        <DotDot>off</DotDot>
        <CmdExe>off</CmdExe>
      </AllowedFeatures>
      <PersistentConnections>on</PersistentConnections>
      <AllowCompression>off</AllowCompression>
      <MaxURLLen>16384</MaxURLLen>
      <MaxTotalHdrLen>128000</MaxTotalHdrLen>
      <MaxHdrCount>0</MaxHdrCount>
      <MaxNameHdrLen>0</MaxNameHdrLen>
      <MaxValueHdrLen>0</MaxValueHdrLen>
      <MaxQueryStringLen>0</MaxQueryStringLen>
    </HTTPSourceProtocolHandler>
    <HTTPUserAgent name="default" intrinsic="true" xmlns:env="http://www.w3.org/2003/05/soap-envelope" xmlns:dp="http://www.datapower.com/schemas/management">
      <mAdminState>enabled</mAdminState>
      <UserSummary>Default User Agent</UserSummary>
      <MaxRedirects>8</MaxRedirects>
      <Timeout>300</Timeout>
    </HTTPUserAgent>
    <XMLManager name="logall" xmlns:env="http://www.w3.org/2003/05/soap-envelope" xmlns:dp="http://www.datapower.com/schemas/management">
      <mAdminState>enabled</mAdminState>
      <CacheSize>256</CacheSize>
      <SHA1Caching>on</SHA1Caching>
      <StaticDocumentCalls>on</StaticDocumentCalls>
      <SearchResults>on</SearchResults>
      <Memoization>on</Memoization>
      <ParserLimitsBytesScanned>4194304</ParserLimitsBytesScanned>
      <ParserLimitsElementDepth>512</ParserLimitsElementDepth>
      <ParserLimitsAttributeCount>128</ParserLimitsAttributeCount>
      <ParserLimitsMaxNodeSize>33554432</ParserLimitsMaxNodeSize>
      <ParserLimitsForbidExternalReferences>on</ParserLimitsForbidExternalReferences>
      <ParserLimitsExternalReferences>forbid</ParserLimitsExternalReferences>
      <ParserLimitsMaxPrefixes>0</ParserLimitsMaxPrefixes>
      <ParserLimitsMaxNamespaces>0</ParserLimitsMaxNamespaces>
      <ParserLimitsMaxLocalNames>0</ParserLimitsMaxLocalNames>
      <DocCacheMaxDocs>5000</DocCacheMaxDocs>
      <DocCacheSize>0</DocCacheSize>
      <UserAgent class="HTTPUserAgent">default</UserAgent>
    </XMLManager>
    <Matching name="logall-match-any-url" xmlns:env="http://www.w3.org/2003/05/soap-envelope" xmlns:dp="http://www.datapower.com/schemas/management">
      <mAdminState>enabled</mAdminState>
      <MatchRules>
        <Type>url</Type>
        <HttpTag/>
        <HttpValue/>
        <Url>*</Url>
        <ErrorCode/>
        <XPATHExpression/>
        <Method>default</Method>
      </MatchRules>
      <MatchWithPCRE>off</MatchWithPCRE>
      <CombineWithOr>off</CombineWithOr>
    </Matching>
    <StylePolicyAction name="logall_rule_both_xform_0" xmlns:env="http://www.w3.org/2003/05/soap-envelope" xmlns:dp="http://www.datapower.com/schemas/management">
      <mAdminState>enabled</mAdminState>
      <Type>xform</Type>
      <Input>INPUT</Input>
      <Transform>local:///logall.xsl</Transform>
      <Output>OUTPUT</Output>
      <NamedInOutLocationType>default</NamedInOutLocationType>
      <OutputType>default</OutputType>
      <Transactional>off</Transactional>
      <SOAPValidation>body</SOAPValidation>
      <SQLSourceType>static</SQLSourceType>
      <Asynchronous>off</Asynchronous>
      <ResultsMode>first-available</ResultsMode>
      <RetryCount>0</RetryCount>
      <RetryInterval>1000</RetryInterval>
      <MultipleOutputs>off</MultipleOutputs>
      <IteratorType>XPATH</IteratorType>
      <Timeout>0</Timeout>
      <MethodRewriteType>GET</MethodRewriteType>
      <MethodType>POST</MethodType>
      <MethodType2>POST</MethodType2>
    </StylePolicyAction>
    <StylePolicyRule name="logall_rule_both" xmlns:env="http://www.w3.org/2003/05/soap-envelope" xmlns:dp="http://www.datapower.com/schemas/management">
      <mAdminState>enabled</mAdminState>
      <Direction>rule</Direction>
      <InputFormat>none</InputFormat>
      <OutputFormat>none</OutputFormat>
      <NonXMLProcessing>off</NonXMLProcessing>
      <Unprocessed>off</Unprocessed>
      <Actions class="StylePolicyAction">logall_rule_both_xform_0</Actions>
    </StylePolicyRule>
    <StylePolicy name="logall" xmlns:env="http://www.w3.org/2003/05/soap-envelope" xmlns:dp="http://www.datapower.com/schemas/management">
      <mAdminState>enabled</mAdminState>
      <DefStylesheetForSoap>store:///filter-reject-all.xsl</DefStylesheetForSoap>
      <DefStylesheetForXsl>store:///identity.xsl</DefStylesheetForXsl>
      <PolicyMaps>
        <Match class="Matching">logall-match-any-url</Match>
        <Rule class="StylePolicyRule">logall_rule_both</Rule>
      </PolicyMaps>
    </StylePolicy>
    <MultiProtocolGateway name="logall" xmlns:env="http://www.w3.org/2003/05/soap-envelope" xmlns:dp="http://www.datapower.com/schemas/management">
      <mAdminState>enabled</mAdminState>
      <UserSummary>Log the number of nodes in the request and response messages</UserSummary>
      <Priority>normal</Priority>
      <FrontProtocol class="HTTPSourceProtocolHandler">logall-http</FrontProtocol>
      <XMLManager class="XMLManager">logall</XMLManager>
      <DefaultParamNamespace>http://www.datapower.com/param/config</DefaultParamNamespace>
      <QueryParamNamespace>http://www.datapower.com/param/query</QueryParamNamespace>
      <BackendUrl>http://127.0.0.1:1</BackendUrl>
      <PropagateURI>on</PropagateURI>
      <MonitorProcessingPolicy>terminate-at-first-throttle</MonitorProcessingPolicy>
      <RequestAttachments>strip</RequestAttachments>
      <ResponseAttachments>strip</ResponseAttachments>
      <RootPartNotFirstAction>process-in-order</RootPartNotFirstAction>
      <FrontAttachmentFormat>dynamic</FrontAttachmentFormat>
      <BackAttachmentFormat>dynamic</BackAttachmentFormat>
      <MIMEFrontHeaders>on</MIMEFrontHeaders>
      <MIMEBackHeaders>on</MIMEBackHeaders>
      <StreamOutputToBack>buffer-until-verification</StreamOutputToBack>
      <StreamOutputToFront>buffer-until-verification</StreamOutputToFront>
      <MaxMessageSize>0</MaxMessageSize>
      <GatewayParserLimits>off</GatewayParserLimits>
      <ParserLimitsElementDepth>512</ParserLimitsElementDepth>
      <ParserLimitsAttributeCount>128</ParserLimitsAttributeCount>
      <ParserLimitsMaxNodeSize>33554432</ParserLimitsMaxNodeSize>
      <ParserLimitsForbidExternalReferences>on</ParserLimitsForbidExternalReferences>
      <ParserLimitsExternalReferences>forbid</ParserLimitsExternalReferences>
      <ParserLimitsMaxPrefixes>0</ParserLimitsMaxPrefixes>
      <ParserLimitsMaxNamespaces>0</ParserLimitsMaxNamespaces>
      <ParserLimitsMaxLocalNames>0</ParserLimitsMaxLocalNames>
      <ParserLimitsAttachmentByteCount>2000000000</ParserLimitsAttachmentByteCount>
      <ParserLimitsAttachmentPackageByteCount>0</ParserLimitsAttachmentPackageByteCount>
      <DebugMode persisted="false">off</DebugMode>
      <DebuggerType>internal</DebuggerType>
      <DebugHistory>25</DebugHistory>
      <RequestType>xml</RequestType>
      <ResponseType>xml</ResponseType>
      <FlowControl>off</FlowControl>
      <SOAPSchemaURL>store:///schemas/soap-envelope.xsd</SOAPSchemaURL>
      <FrontTimeout>120</FrontTimeout>
      <BackTimeout>120</BackTimeout>
      <FrontPersistentTimeout>180</FrontPersistentTimeout>
      <BackPersistentTimeout>180</BackPersistentTimeout>
      <IncludeResponseTypeEncoding>off</IncludeResponseTypeEncoding>
      <BackHTTPVersion>HTTP/1.1</BackHTTPVersion>
      <AllowCompression>off</AllowCompression>
      <PersistentConnections>on</PersistentConnections>
      <LoopDetection>off</LoopDetection>
      <FollowRedirects>on</FollowRedirects>
      <DoHostRewriting>on</DoHostRewriting>
      <DoChunkedUpload>off</DoChunkedUpload>
      <ProcessHTTPErrors>on</ProcessHTTPErrors>
      <HTTPClientIPLabel>X-Client-IP</HTTPClientIPLabel>
      <InOrderMode>
        <Request>off</Request>
        <Backend>off</Backend>
        <Response>off</Response>
      </InOrderMode>
      <WSAMode>sync2sync</WSAMode>
      <WSARequireAAA>on</WSARequireAAA>
      <WSAStrip>on</WSAStrip>
      <WSADefaultReplyTo>http://schemas.xmlsoap.org/ws/2004/08/addressing/role/anonymous</WSADefaultReplyTo>
      <WSADefaultFaultTo>http://schemas.xmlsoap.org/ws/2004/08/addressing/role/anonymous</WSADefaultFaultTo>
      <WSAForce>off</WSAForce>
      <WSAGenStyle>sync</WSAGenStyle>
      <WSAHTTPAsyncResponseCode>204</WSAHTTPAsyncResponseCode>
      <WSATimeout>120</WSATimeout>
      <WSRMEnabled>off</WSRMEnabled>
      <WSRMSequenceExpiration>3600</WSRMSequenceExpiration>
      <WSRMDestinationAcceptCreateSequence>on</WSRMDestinationAcceptCreateSequence>
      <WSRMDestinationMaximumSequences>400</WSRMDestinationMaximumSequences>
      <WSRMDestinationInOrder>off</WSRMDestinationInOrder>
      <WSRMDestinationMaximumInOrderQueueLength>10</WSRMDestinationMaximumInOrderQueueLength>
      <WSRMDestinationAcceptOffers>off</WSRMDestinationAcceptOffers>
      <WSRMFrontForce>off</WSRMFrontForce>
      <WSRMBackForce>off</WSRMBackForce>
      <WSRMBackCreateSequence>off</WSRMBackCreateSequence>
      <WSRMFrontCreateSequence>off</WSRMFrontCreateSequence>
      <WSRMSourceMakeOffer>off</WSRMSourceMakeOffer>
      <WSRMUsesSequenceSSL>off</WSRMUsesSequenceSSL>
      <WSRMSourceMaximumSequences>400</WSRMSourceMaximumSequences>
      <WSRMSourceRetransmissionInterval>10</WSRMSourceRetransmissionInterval>
      <WSRMSourceExponentialBackoff>on</WSRMSourceExponentialBackoff>
      <WSRMSourceMaximumRetransmissions>4</WSRMSourceMaximumRetransmissions>
      <WSRMSourceMaximumQueueLength>30</WSRMSourceMaximumQueueLength>
      <WSRMSourceRequestAckCount>1</WSRMSourceRequestAckCount>
      <WSRMSourceInactivityClose>360</WSRMSourceInactivityClose>
      <ForcePolicyExec>off</ForcePolicyExec>
      <RewriteErrors>on</RewriteErrors>
      <StylePolicy class="StylePolicy">logall</StylePolicy>
      <Type>static-backend</Type>
    </MultiProtocolGateway>
  </configuration>
  <files>
    <file name="local:///logall.xsl" src="local/logall.xsl" location="local" hash="MVplWIgYvSSna1o2x02jz/Mjf7s="/>
    <file name="webgui:///clixform.xsl" src="dp-aux/clixform.xsl" location="dp-aux" internal="true" hash="HROJR1EqgW3CZTJI4xniw81sWx0="/>
    <file name="webgui:///SchemaUtil.xsl" src="dp-aux/SchemaUtil.xsl" location="dp-aux" internal="true" hash="+EyYZxcz8cJMOIPca5cc3w3UwKY="/>
    <file name="webgui:///management.xsl" src="dp-aux/management.xsl" location="dp-aux" internal="true" hash="+Ew49hOqS776HMWjBuzmaGBUaac="/>
    <file name="webgui:///map-dmz.xsl" src="dp-aux/map-dmz.xsl" location="dp-aux" internal="true" hash="IEZVhvGN+AlSI1ERT6daILfIUb0="/>
    <file name="webgui:///drMgmt.xml" src="dp-aux/drMgmt.xml" location="dp-aux" internal="true" hash="2S2yda3NXS93h+6RXfiY6amr2z0="/>
    <file name="webgui:///basetypes.xml" src="dp-aux/basetypes.xml" location="dp-aux" internal="true" hash="va3o1RHfV1IkJRgzaRvf9jCxSgo="/>
  </files>
</datapower-configuration>
