<datapower-configuration version="3">
  <export-details>
    <description>Exported Configuration</description>
    <user>regroot</user>
    <domain>ucdDemoDev</domain>
    <comment/>
    <product-id>5725</product-id>
    <product>XI50</product>
    <display-product>XI52</display-product>
    <model>DataPower XI50</model>
    <display-model>DataPower XI52</display-model>
    <device-name>192.168.13.80:9090</device-name>
    <serial-number>0000000</serial-number>
    <firmware-version>XI50.6.0.1.0</firmware-version>
    <display-firmware-version>XI52.6.0.1.0</display-firmware-version>
    <firmware-build>237837</firmware-build>
    <firmware-timestamp>2013/12/03 19:28:47</firmware-timestamp>
    <current-date>2014-05-12</current-date>
    <current-time>21:33:29 MDT</current-time>
    <reset-date>2014-05-12</reset-date>
    <reset-time>18:09:39 MDT</reset-time>
    <login-message/>
    <custom-ui-file/>
  </export-details>
  <interface-data>
    <interface name="eth0" ip-addr="172.16.114.148"/>
    <interface name="eth1" ip-addr="192.168.13.80"/>
  </interface-data>
  <configuration domain="ucdDemoDev">
    <CryptoKey name="placeholder">
      <mAdminState>enabled</mAdminState>
      <Filename>cert:///placeholder-privkey.pem</Filename>
      <PasswordAlias>off</PasswordAlias>
    </CryptoKey>
    <CryptoCertificate name="placeholder">
      <mAdminState>enabled</mAdminState>
      <Filename>cert:///placeholder-sscert.der</Filename>
      <PasswordAlias>off</PasswordAlias>
      <IgnoreExpiration>off</IgnoreExpiration>
    </CryptoCertificate>
    <CryptoIdentCred name="ucdDemo-frontside">
      <mAdminState>enabled</mAdminState>
      <Key class="CryptoKey">placeholder</Key>
      <Certificate class="CryptoCertificate">placeholder</Certificate>
    </CryptoIdentCred>
    <CryptoProfile name="ucdDemo-frontside">
      <mAdminState>enabled</mAdminState>
      <IdentCredential class="CryptoIdentCred">ucdDemo-frontside</IdentCredential>
      <Ciphers>HIGH:MEDIUM:!aNULL:!eNULL:@STRENGTH</Ciphers>
      <SSLOptions>
        <OpenSSL-default>on</OpenSSL-default>
        <Disable-SSLv2>on</Disable-SSLv2>
        <Disable-SSLv3>off</Disable-SSLv3>
        <Disable-TLSv1>off</Disable-TLSv1>
        <Enable-Legacy-Renegotiation>off</Enable-Legacy-Renegotiation>
        <Enable-Compression>off</Enable-Compression>
        <Disable-TLSv1d1>off</Disable-TLSv1d1>
        <Disable-TLSv1d2>off</Disable-TLSv1d2>
      </SSLOptions>
      <ClientCAList>off</ClientCAList>
    </CryptoProfile>
    <SSLProxyProfile name="ucdDemo-frontside">
      <mAdminState>enabled</mAdminState>
      <Direction>reverse</Direction>
      <ReverseCryptoProfile class="CryptoProfile">ucdDemo-frontside</ReverseCryptoProfile>
      <ServerCaching>on</ServerCaching>
      <SessionTimeout>300</SessionTimeout>
      <CacheSize>20</CacheSize>
      <ClientCache>on</ClientCache>
      <ClientSessionTimeout>300</ClientSessionTimeout>
      <ClientCacheSize>100</ClientCacheSize>
      <ClientAuthOptional>off</ClientAuthOptional>
      <ClientAuthAlwaysRequest>off</ClientAuthAlwaysRequest>
      <PermitInsecureServers>on</PermitInsecureServers>
    </SSLProxyProfile>
    <HTTPSSourceProtocolHandler name="ucdDemo-https">
      <mAdminState>enabled</mAdminState>
      <LocalAddress>192.168.13.89</LocalAddress>
      <LocalPort>443</LocalPort>
      <HTTPVersion>HTTP/1.1</HTTPVersion>
      <AllowedFeatures>
        <HTTP-1.0>on</HTTP-1.0>
        <HTTP-1.1>on</HTTP-1.1>
        <POST>on</POST>
        <GET>on</GET>
        <PUT>on</PUT>
        <HEAD>off</HEAD>
        <OPTIONS>off</OPTIONS>
        <TRACE>off</TRACE>
        <DELETE>off</DELETE>
        <CONNECT>off</CONNECT>
        <QueryString>on</QueryString>
        <FragmentIdentifiers>on</FragmentIdentifiers>
        <DotDot>off</DotDot>
        <CmdExe>off</CmdExe>
      </AllowedFeatures>
      <PersistentConnections>on</PersistentConnections>
      <MaxPersistentConnectionsReuse>0</MaxPersistentConnectionsReuse>
      <AllowCompression>off</AllowCompression>
      <MaxURLLen>16384</MaxURLLen>
      <MaxTotalHdrLen>128000</MaxTotalHdrLen>
      <MaxHdrCount>0</MaxHdrCount>
      <MaxNameHdrLen>0</MaxNameHdrLen>
      <MaxValueHdrLen>0</MaxValueHdrLen>
      <MaxQueryStringLen>0</MaxQueryStringLen>
      <SSLProxy class="SSLProxyProfile">ucdDemo-frontside</SSLProxy>
      <CredentialCharset>protocol</CredentialCharset>
    </HTTPSSourceProtocolHandler>
    <LoadBalancerGroup name="ucdDemo-backends">
      <mAdminState>enabled</mAdminState>
      <Algorithm>round-robin</Algorithm>
      <RetrieveInfo>off</RetrieveInfo>
      <WLMRetrieval>use-websphere</WLMRetrieval>
      <WLMTransport>http</WLMTransport>
      <Damp>120</Damp>
      <NeverReturnSickMember>off</NeverReturnSickMember>
      <TryEveryServerBeforeFailing>off</TryEveryServerBeforeFailing>
      <LBGroupChecks>
        <Active>off</Active>
        <URI>/</URI>
        <Port>80</Port>
        <SSL>Standard</SSL>
        <Post>on</Post>
        <Input>store:///healthcheck.xml</Input>
        <Timeout>10</Timeout>
        <Frequency>180</Frequency>
        <XPath>/</XPath>
        <Filter>store:///healthcheck.xsl</Filter>
        <SSLProxyProfile/>
        <EnforceTimeout>off</EnforceTimeout>
        <IndependentChecks>off</IndependentChecks>
      </LBGroupChecks>
      <MasqueradeMember>off</MasqueradeMember>
      <ApplicationRouting>off</ApplicationRouting>
      <LBGroupAffinityConf>
        <EnableSA>on</EnableSA>
        <InsertionCookieName>DPJSESSIONID</InsertionCookieName>
        <InsertionPath>/</InsertionPath>
        <InsertionDomain>.datapower.com</InsertionDomain>
        <AffinityWLMOverride>off</AffinityWLMOverride>
        <AffinityMode>activeConditional</AffinityMode>
      </LBGroupAffinityConf>
    </LoadBalancerGroup>
    <XMLManager name="ucdDemo">
      <mAdminState>enabled</mAdminState>
      <CacheSize>256</CacheSize>
      <SHA1Caching>on</SHA1Caching>
      <StaticDocumentCalls>on</StaticDocumentCalls>
      <SearchResults>on</SearchResults>
      <SupportTxWarn>off</SupportTxWarn>
      <VirtualServers class="LoadBalancerGroup">ucdDemo-backends</VirtualServers>
      <Memoization>on</Memoization>
      <ParserLimitsBytesScanned>4194304</ParserLimitsBytesScanned>
      <ParserLimitsElementDepth>512</ParserLimitsElementDepth>
      <ParserLimitsAttributeCount>128</ParserLimitsAttributeCount>
      <ParserLimitsMaxNodeSize>33554432</ParserLimitsMaxNodeSize>
      <ParserLimitsForbidExternalReferences>on</ParserLimitsForbidExternalReferences>
      <ParserLimitsExternalReferences>forbid</ParserLimitsExternalReferences>
      <ParserLimitsMaxPrefixes>0</ParserLimitsMaxPrefixes>
      <ParserLimitsMaxNamespaces>0</ParserLimitsMaxNamespaces>
      <ParserLimitsMaxLocalNames>0</ParserLimitsMaxLocalNames>
      <DocCacheMaxDocs>5000</DocCacheMaxDocs>
      <DocCacheSize>0</DocCacheSize>
      <UserAgent class="HTTPUserAgent">default</UserAgent>
    </XMLManager>
    <CryptoValCred name="ucdDemo-backends">
      <mAdminState>enabled</mAdminState>
      <CertValidationMode>legacy</CertValidationMode>
      <UseCRL>on</UseCRL>
      <RequireCRL>off</RequireCRL>
      <CRLDPHandling>ignore</CRLDPHandling>
      <InitialPolicySet>2.5.29.32.0</InitialPolicySet>
      <ExplicitPolicy>off</ExplicitPolicy>
    </CryptoValCred>
    <CryptoProfile name="ucdDemo-backends">
      <mAdminState>enabled</mAdminState>
      <IdentCredential class="CryptoIdentCred"/>
      <ValCredential class="CryptoValCred">ucdDemo-backends</ValCredential>
      <Ciphers>HIGH:MEDIUM:!aNULL:!eNULL:@STRENGTH</Ciphers>
      <SSLOptions>
        <OpenSSL-default>on</OpenSSL-default>
        <Disable-SSLv2>on</Disable-SSLv2>
        <Disable-SSLv3>off</Disable-SSLv3>
        <Disable-TLSv1>off</Disable-TLSv1>
        <Enable-Legacy-Renegotiation>off</Enable-Legacy-Renegotiation>
        <Enable-Compression>off</Enable-Compression>
        <Disable-TLSv1d1>off</Disable-TLSv1d1>
        <Disable-TLSv1d2>off</Disable-TLSv1d2>
      </SSLOptions>
      <ClientCAList>off</ClientCAList>
    </CryptoProfile>
    <SSLProxyProfile name="ucdDemo-backends">
      <mAdminState>enabled</mAdminState>
      <Direction>forward</Direction>
      <ForwardCryptoProfile class="CryptoProfile">ucdDemo-backends</ForwardCryptoProfile>
      <ServerCaching>on</ServerCaching>
      <SessionTimeout>300</SessionTimeout>
      <CacheSize>20</CacheSize>
      <ClientCache>on</ClientCache>
      <ClientSessionTimeout>300</ClientSessionTimeout>
      <ClientCacheSize>100</ClientCacheSize>
      <ClientAuthOptional>off</ClientAuthOptional>
      <ClientAuthAlwaysRequest>off</ClientAuthAlwaysRequest>
      <PermitInsecureServers>off</PermitInsecureServers>
    </SSLProxyProfile>
    <Matching name="ucdDemo-match-any-url">
      <mAdminState>enabled</mAdminState>
      <MatchRules>
        <Type>url</Type>
        <HttpTag/>
        <HttpValue/>
        <Url>*</Url>
        <ErrorCode/>
        <XPATHExpression/>
        <Method>default</Method>
      </MatchRules>
      <MatchWithPCRE>off</MatchWithPCRE>
      <CombineWithOr>off</CombineWithOr>
    </Matching>
    <StylePolicyAction name="ucdDemo_all_results_0">
      <mAdminState>enabled</mAdminState>
      <Type>results</Type>
      <Input>INPUT</Input>
      <NamedInOutLocationType>default</NamedInOutLocationType>
      <OutputType>default</OutputType>
      <Transactional>off</Transactional>
      <SOAPValidation>body</SOAPValidation>
      <SQLSourceType>static</SQLSourceType>
      <Asynchronous>off</Asynchronous>
      <ResultsMode>first-available</ResultsMode>
      <RetryCount>0</RetryCount>
      <RetryInterval>1000</RetryInterval>
      <MultipleOutputs>off</MultipleOutputs>
      <IteratorType>XPATH</IteratorType>
      <Timeout>0</Timeout>
      <MethodRewriteType>GET</MethodRewriteType>
      <MethodType>POST</MethodType>
      <MethodType2>POST</MethodType2>
    </StylePolicyAction>
    <StylePolicyRule name="ucdDemo_all">
      <mAdminState>enabled</mAdminState>
      <Direction>rule</Direction>
      <InputFormat>none</InputFormat>
      <OutputFormat>none</OutputFormat>
      <NonXMLProcessing>off</NonXMLProcessing>
      <Unprocessed>off</Unprocessed>
      <Actions class="StylePolicyAction">ucdDemo_all_results_0</Actions>
    </StylePolicyRule>
    <StylePolicy name="ucdDemo">
      <mAdminState>enabled</mAdminState>
      <DefStylesheetForSoap>store:///filter-reject-all.xsl</DefStylesheetForSoap>
      <DefStylesheetForXsl>store:///identity.xsl</DefStylesheetForXsl>
      <DefXQueryForJSON>store:///reject-all-json.xq</DefXQueryForJSON>
      <PolicyMaps>
        <Match class="Matching">ucdDemo-match-any-url</Match>
        <Rule class="StylePolicyRule">ucdDemo_all</Rule>
      </PolicyMaps>
    </StylePolicy>
    <PolicyAttachments name="ucdDemo">
      <mAdminState>enabled</mAdminState>
      <EnforcementMode>enforce</EnforcementMode>
      <PolicyReferences>on</PolicyReferences>
      <SLAEnforcementMode>allow-if-no-sla</SLAEnforcementMode>
    </PolicyAttachments>
    <MultiProtocolGateway name="ucdDemo">
      <mAdminState>enabled</mAdminState>
      <Priority>normal</Priority>
      <FrontProtocol class="HTTPSSourceProtocolHandler">ucdDemo-https</FrontProtocol>
      <XMLManager class="XMLManager">ucdDemo</XMLManager>
      <SSLProxy class="SSLProxyProfile">ucdDemo-backends</SSLProxy>
      <DefaultParamNamespace>http://www.datapower.com/param/config</DefaultParamNamespace>
      <QueryParamNamespace>http://www.datapower.com/param/query</QueryParamNamespace>
      <BackendUrl>http://192.168.13.80</BackendUrl>
      <PropagateURI>on</PropagateURI>
      <MonitorProcessingPolicy>terminate-at-first-throttle</MonitorProcessingPolicy>
      <RequestAttachments>strip</RequestAttachments>
      <ResponseAttachments>strip</ResponseAttachments>
      <RequestAttachmentsFlowControl>off</RequestAttachmentsFlowControl>
      <ResponseAttachmentsFlowControl>off</ResponseAttachmentsFlowControl>
      <RootPartNotFirstAction>process-in-order</RootPartNotFirstAction>
      <FrontAttachmentFormat>dynamic</FrontAttachmentFormat>
      <BackAttachmentFormat>dynamic</BackAttachmentFormat>
      <MIMEFrontHeaders>on</MIMEFrontHeaders>
      <MIMEBackHeaders>on</MIMEBackHeaders>
      <StreamOutputToBack>buffer-until-verification</StreamOutputToBack>
      <StreamOutputToFront>buffer-until-verification</StreamOutputToFront>
      <MaxMessageSize>0</MaxMessageSize>
      <GatewayParserLimits>off</GatewayParserLimits>
      <ParserLimitsElementDepth>512</ParserLimitsElementDepth>
      <ParserLimitsAttributeCount>128</ParserLimitsAttributeCount>
      <ParserLimitsMaxNodeSize>33554432</ParserLimitsMaxNodeSize>
      <ParserLimitsForbidExternalReferences>on</ParserLimitsForbidExternalReferences>
      <ParserLimitsExternalReferences>forbid</ParserLimitsExternalReferences>
      <ParserLimitsMaxPrefixes>0</ParserLimitsMaxPrefixes>
      <ParserLimitsMaxNamespaces>0</ParserLimitsMaxNamespaces>
      <ParserLimitsMaxLocalNames>0</ParserLimitsMaxLocalNames>
      <ParserLimitsAttachmentByteCount>2000000000</ParserLimitsAttachmentByteCount>
      <ParserLimitsAttachmentPackageByteCount>0</ParserLimitsAttachmentPackageByteCount>
      <DebugMode persisted="false">off</DebugMode>
      <DebuggerType>internal</DebuggerType>
      <DebugHistory>25</DebugHistory>
      <FlowControl>off</FlowControl>
      <SOAPSchemaURL>store:///schemas/soap-envelope.xsd</SOAPSchemaURL>
      <FrontTimeout>120</FrontTimeout>
      <BackTimeout>120</BackTimeout>
      <FrontPersistentTimeout>180</FrontPersistentTimeout>
      <BackPersistentTimeout>180</BackPersistentTimeout>
      <IncludeResponseTypeEncoding>off</IncludeResponseTypeEncoding>
      <BackHTTPVersion>HTTP/1.1</BackHTTPVersion>
      <PersistentConnections>on</PersistentConnections>
      <LoopDetection>off</LoopDetection>
      <DoHostRewriting>on</DoHostRewriting>
      <DoChunkedUpload>off</DoChunkedUpload>
      <ProcessHTTPErrors>on</ProcessHTTPErrors>
      <HTTPClientIPLabel>X-Client-IP</HTTPClientIPLabel>
      <InOrderMode>
        <Request>off</Request>
        <Backend>off</Backend>
        <Response>off</Response>
      </InOrderMode>
      <WSAMode>sync2sync</WSAMode>
      <WSARequireAAA>on</WSARequireAAA>
      <WSAStrip>on</WSAStrip>
      <WSADefaultReplyTo>http://schemas.xmlsoap.org/ws/2004/08/addressing/role/anonymous</WSADefaultReplyTo>
      <WSADefaultFaultTo>http://schemas.xmlsoap.org/ws/2004/08/addressing/role/anonymous</WSADefaultFaultTo>
      <WSAForce>off</WSAForce>
      <WSAGenStyle>sync</WSAGenStyle>
      <WSAHTTPAsyncResponseCode>204</WSAHTTPAsyncResponseCode>
      <WSATimeout>120</WSATimeout>
      <WSRMEnabled>off</WSRMEnabled>
      <WSRMSequenceExpiration>3600</WSRMSequenceExpiration>
      <WSRMDestinationAcceptCreateSequence>on</WSRMDestinationAcceptCreateSequence>
      <WSRMDestinationMaximumSequences>400</WSRMDestinationMaximumSequences>
      <WSRMDestinationInOrder>off</WSRMDestinationInOrder>
      <WSRMDestinationMaximumInOrderQueueLength>10</WSRMDestinationMaximumInOrderQueueLength>
      <WSRMDestinationAcceptOffers>off</WSRMDestinationAcceptOffers>
      <WSRMFrontForce>off</WSRMFrontForce>
      <WSRMBackForce>off</WSRMBackForce>
      <WSRMBackCreateSequence>off</WSRMBackCreateSequence>
      <WSRMFrontCreateSequence>off</WSRMFrontCreateSequence>
      <WSRMSourceMakeOffer>off</WSRMSourceMakeOffer>
      <WSRMUsesSequenceSSL>off</WSRMUsesSequenceSSL>
      <WSRMSourceMaximumSequences>400</WSRMSourceMaximumSequences>
      <WSRMSourceRetransmissionInterval>10</WSRMSourceRetransmissionInterval>
      <WSRMSourceExponentialBackoff>on</WSRMSourceExponentialBackoff>
      <WSRMSourceMaximumRetransmissions>4</WSRMSourceMaximumRetransmissions>
      <WSRMSourceMaximumQueueLength>30</WSRMSourceMaximumQueueLength>
      <WSRMSourceRequestAckCount>1</WSRMSourceRequestAckCount>
      <WSRMSourceInactivityClose>360</WSRMSourceInactivityClose>
      <ForcePolicyExec>off</ForcePolicyExec>
      <RewriteErrors>on</RewriteErrors>
      <DelayErrors>on</DelayErrors>
      <DelayErrorsDuration>1000</DelayErrorsDuration>
      <RequestType>xml</RequestType>
      <ResponseType>xml</ResponseType>
      <FollowRedirects>on</FollowRedirects>
      <RewriteLocationHeader>off</RewriteLocationHeader>
      <StylePolicy class="StylePolicy">ucdDemo</StylePolicy>
      <Type>static-backend</Type>
      <AllowCompression>off</AllowCompression>
      <AllowCacheControlHeader>off</AllowCacheControlHeader>
      <PolicyAttachments class="PolicyAttachments">ucdDemo</PolicyAttachments>
      <GeneratedPolicies class="GeneratedPolicy">_gp_mpgw_ucdDemo</GeneratedPolicies>
      <WSMAgentMonitor>off</WSMAgentMonitor>
      <WSMAgentMonitorPCM>all-messages</WSMAgentMonitorPCM>
      <ProxyHTTPResponse>off</ProxyHTTPResponse>
    </MultiProtocolGateway>
  </configuration>
  <files>
    <file name="webgui:///clixform.xsl" src="dp-aux/clixform.xsl" location="dp-aux" internal="true" hash="cdHyJn207Rm9SNWT9G6KG0UaIcY="/>
    <file name="webgui:///SchemaUtil.xsl" src="dp-aux/SchemaUtil.xsl" location="dp-aux" internal="true" hash="8fmsXUfiaQKycD1E2HoNtTPk95c="/>
    <file name="webgui:///management.xsl" src="dp-aux/management.xsl" location="dp-aux" internal="true" hash="+Ew49hOqS776HMWjBuzmaGBUaac="/>
    <file name="webgui:///map-dmz.xsl" src="dp-aux/map-dmz.xsl" location="dp-aux" internal="true" hash="IEZVhvGN+AlSI1ERT6daILfIUb0="/>
    <file name="webgui:///drMgmt.xml" src="dp-aux/drMgmt.xml" location="dp-aux" internal="true" hash="xxfYf3CIYRU4n82jrFLSKIWQoHU="/>
    <file name="webgui:///basetypes.xml" src="dp-aux/basetypes.xml" location="dp-aux" internal="true" hash="GQOjnw+cg9X3EfMOnJPhReELVss="/>
  </files>
</datapower-configuration>
