<datapower-configuration version="3"><export-details><description>Exported Configuration </description><user>regroot</user><domain>regroot-cman-test</domain><comment/><product-id>9003-XI50-03</product-id><product>XI50</product><model>DataPower XI50</model><device-name>9.37.128.101:9090</device-name><serial-number>13002G6</serial-number><firmware-version>XI50.3.8.2.11</firmware-version><firmware-build>211236</firmware-build><firmware-timestamp>2012/03/24 18:45:12</firmware-timestamp><current-date>2012-07-19</current-date><current-time>09:18:59 EDT</current-time><reset-date>2012-03-29</reset-date><reset-time>12:30:05 EDT</reset-time><login-message/><custom-ui-file/></export-details><interface-data><interface name="eth0" ip-addr="9.37.128.101"/></interface-data><configuration domain="regroot-cman-test"><WSGateway name="fedcba" xmlns:env="http://www.w3.org/2003/05/soap-envelope" xmlns:dp="http://www.datapower.com/schemas/management">
<mAdminState>enabled</mAdminState>
<Priority>normal</Priority>
<XMLManager class="XMLManager">fedcba</XMLManager>
<SSLProxy class="SSLProxyProfile">fedcba</SSLProxy>
<DefaultParamNamespace>http://www.datapower.com/param/config</DefaultParamNamespace>
<QueryParamNamespace>http://www.datapower.com/param/query</QueryParamNamespace>
<PropagateURI>off</PropagateURI>
<MonitorProcessingPolicy>terminate-at-first-throttle</MonitorProcessingPolicy>
<RequestAttachments>strip</RequestAttachments>
<ResponseAttachments>strip</ResponseAttachments>
<RootPartNotFirstAction>process-in-order</RootPartNotFirstAction>
<FrontAttachmentFormat>dynamic</FrontAttachmentFormat>
<BackAttachmentFormat>dynamic</BackAttachmentFormat>
<MIMEFrontHeaders>on</MIMEFrontHeaders>
<MIMEBackHeaders>on</MIMEBackHeaders>
<StreamOutputToBack>buffer-until-verification</StreamOutputToBack>
<StreamOutputToFront>buffer-until-verification</StreamOutputToFront>
<MaxMessageSize>0</MaxMessageSize>
<GatewayParserLimits>off</GatewayParserLimits>
<ParserLimitsElementDepth>512</ParserLimitsElementDepth>
<ParserLimitsAttributeCount>128</ParserLimitsAttributeCount>
<ParserLimitsMaxNodeSize>33554432</ParserLimitsMaxNodeSize>
<ParserLimitsForbidExternalReferences>on</ParserLimitsForbidExternalReferences>
<ParserLimitsExternalReferences>forbid</ParserLimitsExternalReferences>
<ParserLimitsMaxPrefixes>0</ParserLimitsMaxPrefixes>
<ParserLimitsMaxNamespaces>0</ParserLimitsMaxNamespaces>
<ParserLimitsMaxLocalNames>0</ParserLimitsMaxLocalNames>
<ParserLimitsAttachmentByteCount>2000000000</ParserLimitsAttachmentByteCount>
<ParserLimitsAttachmentPackageByteCount>0</ParserLimitsAttachmentPackageByteCount>
<DebugMode persisted="false">off</DebugMode>
<DebuggerType>internal</DebuggerType>
<DebugHistory>25</DebugHistory>
<RequestType>soap</RequestType>
<ResponseType>soap</ResponseType>
<FlowControl>off</FlowControl>
<SOAPSchemaURL>store:///schemas/soap-envelope.xsd</SOAPSchemaURL>
<FrontTimeout>120</FrontTimeout>
<BackTimeout>120</BackTimeout>
<FrontPersistentTimeout>180</FrontPersistentTimeout>
<BackPersistentTimeout>180</BackPersistentTimeout>
<IncludeResponseTypeEncoding>off</IncludeResponseTypeEncoding>
<BackHTTPVersion>HTTP/1.1</BackHTTPVersion>
<AllowCompression>off</AllowCompression>
<PersistentConnections>on</PersistentConnections>
<LoopDetection>off</LoopDetection>
<FollowRedirects>on</FollowRedirects>
<DoHostRewriting>on</DoHostRewriting>
<DoChunkedUpload>off</DoChunkedUpload>
<ProcessHTTPErrors>on</ProcessHTTPErrors>
<HTTPClientIPLabel>X-Client-IP</HTTPClientIPLabel>
<InOrderMode>
<Request>off</Request>
<Backend>off</Backend>
<Response>off</Response></InOrderMode>
<WSAMode>sync2sync</WSAMode>
<WSARequireAAA>on</WSARequireAAA>
<WSAStrip>on</WSAStrip>
<WSADefaultReplyTo>http://schemas.xmlsoap.org/ws/2004/08/addressing/role/anonymous</WSADefaultReplyTo>
<WSADefaultFaultTo>http://schemas.xmlsoap.org/ws/2004/08/addressing/role/anonymous</WSADefaultFaultTo>
<WSAForce>off</WSAForce>
<WSAGenStyle>sync</WSAGenStyle>
<WSAHTTPAsyncResponseCode>204</WSAHTTPAsyncResponseCode>
<WSATimeout>120</WSATimeout>
<WSRMEnabled>off</WSRMEnabled>
<WSRMSequenceExpiration>3600</WSRMSequenceExpiration>
<WSRMDestinationAcceptCreateSequence>on</WSRMDestinationAcceptCreateSequence>
<WSRMDestinationMaximumSequences>400</WSRMDestinationMaximumSequences>
<WSRMDestinationInOrder>off</WSRMDestinationInOrder>
<WSRMDestinationMaximumInOrderQueueLength>10</WSRMDestinationMaximumInOrderQueueLength>
<WSRMDestinationAcceptOffers>off</WSRMDestinationAcceptOffers>
<WSRMFrontForce>off</WSRMFrontForce>
<WSRMBackForce>off</WSRMBackForce>
<WSRMBackCreateSequence>off</WSRMBackCreateSequence>
<WSRMFrontCreateSequence>off</WSRMFrontCreateSequence>
<WSRMSourceMakeOffer>off</WSRMSourceMakeOffer>
<WSRMUsesSequenceSSL>off</WSRMUsesSequenceSSL>
<WSRMSourceMaximumSequences>400</WSRMSourceMaximumSequences>
<WSRMSourceRetransmissionInterval>10</WSRMSourceRetransmissionInterval>
<WSRMSourceExponentialBackoff>on</WSRMSourceExponentialBackoff>
<WSRMSourceMaximumRetransmissions>4</WSRMSourceMaximumRetransmissions>
<WSRMSourceMaximumQueueLength>30</WSRMSourceMaximumQueueLength>
<WSRMSourceRequestAckCount>1</WSRMSourceRequestAckCount>
<WSRMSourceInactivityClose>360</WSRMSourceInactivityClose>
<ForcePolicyExec>off</ForcePolicyExec>
<RewriteErrors>on</RewriteErrors>
<Type>static-from-wsdl</Type>
<AutoCreateSources>off</AutoCreateSources>
<EndpointRewritePolicy class="WSEndpointRewritePolicy">fedcba</EndpointRewritePolicy>
<StylePolicy class="WSStylePolicy">fedcba</StylePolicy>
<RemoteFetchRetry>
<AutomaticRetry>off</AutomaticRetry>
<RetryInterval>1</RetryInterval>
<ReportingInterval>1</ReportingInterval>
<TotalRetries>1</TotalRetries></RemoteFetchRetry>
<BaseWSDL>
<WSDLSourceLocation>local:///app-mgmt-protocol-v2.wsdl</WSDLSourceLocation>
<WSDLName>app-mgmt-protocol-v2.wsdl</WSDLName>
<PolicyAttachments/></BaseWSDL>
<BaseWSDL>
<WSDLSourceLocation>local:///xml-mgmt.wsdl</WSDLSourceLocation>
<WSDLName>xml-mgmt.wsdl</WSDLName>
<PolicyAttachments class="PolicyAttachments">fedcba_xml-mgmt.wsdl</PolicyAttachments></BaseWSDL>
<EncryptedKeySHA1CacheLifeTime>0</EncryptedKeySHA1CacheLifeTime>
<PreserveKeyChain>off</PreserveKeyChain>
<DecryptWithKeyFromED>off</DecryptWithKeyFromED>
<SOAPActionPolicy>lax</SOAPActionPolicy></WSGateway></configuration><files><file name="webgui:///clixform.xsl" src="dp-aux/clixform.xsl" location="dp-aux" internal="true" hash="HROJR1EqgW3CZTJI4xniw81sWx0="/><file name="webgui:///SchemaUtil.xsl" src="dp-aux/SchemaUtil.xsl" location="dp-aux" internal="true" hash="+EyYZxcz8cJMOIPca5cc3w3UwKY="/><file name="webgui:///management.xsl" src="dp-aux/management.xsl" location="dp-aux" internal="true" hash="+Ew49hOqS776HMWjBuzmaGBUaac="/><file name="webgui:///map-dmz.xsl" src="dp-aux/map-dmz.xsl" location="dp-aux" internal="true" hash="IEZVhvGN+AlSI1ERT6daILfIUb0="/><file name="webgui:///drMgmt.xml" src="dp-aux/drMgmt.xml" location="dp-aux" internal="true" hash="2S2yda3NXS93h+6RXfiY6amr2z0="/><file name="webgui:///basetypes.xml" src="dp-aux/basetypes.xml" location="dp-aux" internal="true" hash="va3o1RHfV1IkJRgzaRvf9jCxSgo="/></files></datapower-configuration>