<datapower-configuration version="3"><export-details><description>Exported Configuration </description><user>regroot</user><domain>regroot-cman-test</domain><comment/><product-id>9003-XI50-03</product-id><product>XI50</product><model>DataPower XI50</model><device-name>9.37.128.101:9090</device-name><serial-number>13002G6</serial-number><firmware-version>XI50.3.8.2.11</firmware-version><firmware-build>211236</firmware-build><firmware-timestamp>2012/03/24 18:45:12</firmware-timestamp><current-date>2012-05-09</current-date><current-time>07:56:07 EDT</current-time><reset-date>2012-03-29</reset-date><reset-time>12:29:39 EDT</reset-time><login-message/><custom-ui-file/></export-details><interface-data><interface name="eth0" ip-addr="9.37.128.101"/></interface-data><configuration domain="regroot-cman-test"><HTTPUserAgent name="basicwsp" xmlns:env="http://www.w3.org/2003/05/soap-envelope" xmlns:dp="http://www.datapower.com/schemas/management">
<mAdminState>enabled</mAdminState>
<MaxRedirects>8</MaxRedirects>
<Timeout>300</Timeout></HTTPUserAgent><XMLManager name="basicwsp" xmlns:env="http://www.w3.org/2003/05/soap-envelope" xmlns:dp="http://www.datapower.com/schemas/management">
<mAdminState>enabled</mAdminState>
<CacheSize>256</CacheSize>
<SHA1Caching>on</SHA1Caching>
<StaticDocumentCalls>on</StaticDocumentCalls>
<SearchResults>on</SearchResults>
<Memoization>on</Memoization>
<ParserLimitsBytesScanned>4194304</ParserLimitsBytesScanned>
<ParserLimitsElementDepth>512</ParserLimitsElementDepth>
<ParserLimitsAttributeCount>128</ParserLimitsAttributeCount>
<ParserLimitsMaxNodeSize>33554432</ParserLimitsMaxNodeSize>
<ParserLimitsForbidExternalReferences>on</ParserLimitsForbidExternalReferences>
<ParserLimitsExternalReferences>forbid</ParserLimitsExternalReferences>
<ParserLimitsMaxPrefixes>0</ParserLimitsMaxPrefixes>
<ParserLimitsMaxNamespaces>0</ParserLimitsMaxNamespaces>
<ParserLimitsMaxLocalNames>0</ParserLimitsMaxLocalNames>
<DocCacheMaxDocs>5000</DocCacheMaxDocs>
<DocCacheSize>0</DocCacheSize>
<UserAgent class="HTTPUserAgent">basicwsp</UserAgent></XMLManager><CryptoProfile name="acceptAnything" xmlns:env="http://www.w3.org/2003/05/soap-envelope" xmlns:dp="http://www.datapower.com/schemas/management">
<mAdminState>enabled</mAdminState>
<Ciphers>HIGH:MEDIUM:!aNULL:!eNULL:@STRENGTH</Ciphers>
<SSLOptions>
<OpenSSL-default>on</OpenSSL-default>
<Disable-SSLv2>on</Disable-SSLv2>
<Disable-SSLv3>off</Disable-SSLv3>
<Disable-TLSv1>off</Disable-TLSv1>
<Enable-Legacy-Renegotiation>off</Enable-Legacy-Renegotiation></SSLOptions>
<ClientCAList>off</ClientCAList></CryptoProfile><SSLProxyProfile name="acceptAnything" xmlns:env="http://www.w3.org/2003/05/soap-envelope" xmlns:dp="http://www.datapower.com/schemas/management">
<mAdminState>enabled</mAdminState>
<Direction>forward</Direction>
<ForwardCryptoProfile class="CryptoProfile">acceptAnything</ForwardCryptoProfile>
<ServerCaching>on</ServerCaching>
<SessionTimeout>300</SessionTimeout>
<CacheSize>20</CacheSize>
<ClientCache>on</ClientCache>
<ClientAuthOptional>off</ClientAuthOptional>
<ClientAuthAlwaysRequest>off</ClientAuthAlwaysRequest></SSLProxyProfile><HTTPSourceProtocolHandler name="basicwsp-http" xmlns:env="http://www.w3.org/2003/05/soap-envelope" xmlns:dp="http://www.datapower.com/schemas/management">
<mAdminState>enabled</mAdminState>
<LocalAddress>0.0.0.0</LocalAddress>
<LocalPort>15000</LocalPort>
<HTTPVersion>HTTP/1.1</HTTPVersion>
<AllowedFeatures>
<HTTP-1.0>on</HTTP-1.0>
<HTTP-1.1>on</HTTP-1.1>
<POST>on</POST>
<GET>off</GET>
<PUT>on</PUT>
<HEAD>off</HEAD>
<OPTIONS>off</OPTIONS>
<TRACE>off</TRACE>
<DELETE>off</DELETE>
<CONNECT>off</CONNECT>
<QueryString>on</QueryString>
<FragmentIdentifiers>on</FragmentIdentifiers>
<DotDot>off</DotDot>
<CmdExe>off</CmdExe></AllowedFeatures>
<PersistentConnections>on</PersistentConnections>
<AllowCompression>off</AllowCompression>
<MaxURLLen>16384</MaxURLLen>
<MaxTotalHdrLen>128000</MaxTotalHdrLen>
<MaxHdrCount>0</MaxHdrCount>
<MaxNameHdrLen>0</MaxNameHdrLen>
<MaxValueHdrLen>0</MaxValueHdrLen>
<MaxQueryStringLen>0</MaxQueryStringLen></HTTPSourceProtocolHandler><WSEndpointRewritePolicy name="basicwsp" xmlns:env="http://www.w3.org/2003/05/soap-envelope" xmlns:dp="http://www.datapower.com/schemas/management">
<mAdminState>enabled</mAdminState>
<WSEndpointLocalRewriteRule>
<ServicePortMatchRegexp>^{http://www.datapower.com/schemas/appliance/management/2.0/wsdl}app-mgmt-protocol$</ServicePortMatchRegexp>
<LocalEndpointProtocol>default</LocalEndpointProtocol>
<LocalEndpointHostname>0.0.0.0</LocalEndpointHostname>
<LocalEndpointPort>0</LocalEndpointPort>
<LocalEndpointURI>/service/mgmt/amp/2.0</LocalEndpointURI>
<FrontProtocol class="HTTPSourceProtocolHandler">basicwsp-http</FrontProtocol>
<UseFrontProtocol>on</UseFrontProtocol>
<WSDLBindingProtocol>soap-11</WSDLBindingProtocol>
<FrontsidePortSuffix/></WSEndpointLocalRewriteRule>
<WSEndpointRemoteRewriteRule>
<ServicePortMatchRegexp>^{http://www.datapower.com/schemas/appliance/management/2.0/wsdl}app-mgmt-protocol$</ServicePortMatchRegexp>
<RemoteEndpointProtocol>https</RemoteEndpointProtocol>
<RemoteEndpointHostname>127.0.0.1</RemoteEndpointHostname>
<RemoteEndpointPort>5550</RemoteEndpointPort>
<RemoteEndpointURI>/service/mgmt/amp/2.0</RemoteEndpointURI>
<RemoteMQQM/>
<RemoteTibcoEMS/>
<RemoteWebSphereJMS/></WSEndpointRemoteRewriteRule></WSEndpointRewritePolicy><Matching name="basicwsp_match_all" xmlns:env="http://www.w3.org/2003/05/soap-envelope" xmlns:dp="http://www.datapower.com/schemas/management">
<mAdminState>enabled</mAdminState>
<MatchRules>
<Type>url</Type>
<HttpTag/>
<HttpValue/>
<Url>*</Url>
<ErrorCode/>
<XPATHExpression/>
<Method>default</Method></MatchRules>
<MatchWithPCRE>off</MatchWithPCRE>
<CombineWithOr>off</CombineWithOr></Matching><SLMPolicy name="basicwsp" xmlns:env="http://www.w3.org/2003/05/soap-envelope" xmlns:dp="http://www.datapower.com/schemas/management">
<mAdminState>enabled</mAdminState></SLMPolicy><StylePolicyAction name="basicwsp_default_request-rule_defaultaction_slm" xmlns:env="http://www.w3.org/2003/05/soap-envelope" xmlns:dp="http://www.datapower.com/schemas/management">
<mAdminState>enabled</mAdminState>
<Type>slm</Type>
<Input>INPUT</Input>
<Output>NULL</Output>
<NamedInOutLocationType>default</NamedInOutLocationType>
<Transactional>off</Transactional>
<SLMPolicy>basicwsp</SLMPolicy>
<SOAPValidation>body</SOAPValidation>
<SQLSourceType>static</SQLSourceType>
<Asynchronous>off</Asynchronous>
<ResultsMode>first-available</ResultsMode>
<RetryCount>0</RetryCount>
<RetryInterval>1000</RetryInterval>
<MultipleOutputs>off</MultipleOutputs>
<IteratorType>XPATH</IteratorType>
<Timeout>0</Timeout>
<MethodRewriteType>GET</MethodRewriteType>
<MethodType>POST</MethodType>
<MethodType2>POST</MethodType2></StylePolicyAction><StylePolicyAction name="basicwsp_default_request-rule_defaultaction_result" xmlns:env="http://www.w3.org/2003/05/soap-envelope" xmlns:dp="http://www.datapower.com/schemas/management">
<mAdminState>enabled</mAdminState>
<Type>results</Type>
<Input>INPUT</Input>
<Output>OUTPUT</Output>
<NamedInOutLocationType>default</NamedInOutLocationType>
<OutputType>default</OutputType>
<Transactional>off</Transactional>
<SOAPValidation>body</SOAPValidation>
<SQLSourceType>static</SQLSourceType>
<Asynchronous>off</Asynchronous>
<ResultsMode>first-available</ResultsMode>
<RetryCount>0</RetryCount>
<RetryInterval>1000</RetryInterval>
<MultipleOutputs>off</MultipleOutputs>
<IteratorType>XPATH</IteratorType>
<Timeout>0</Timeout>
<MethodRewriteType>GET</MethodRewriteType>
<MethodType>POST</MethodType>
<MethodType2>POST</MethodType2></StylePolicyAction><WSStylePolicyRule name="basicwsp_default_request-rule" xmlns:env="http://www.w3.org/2003/05/soap-envelope" xmlns:dp="http://www.datapower.com/schemas/management">
<mAdminState>enabled</mAdminState>
<Direction>request-rule</Direction>
<InputFormat>none</InputFormat>
<OutputFormat>none</OutputFormat>
<NonXMLProcessing>off</NonXMLProcessing>
<Unprocessed>off</Unprocessed>
<Actions class="StylePolicyAction">basicwsp_default_request-rule_defaultaction_slm</Actions>
<Actions class="StylePolicyAction">basicwsp_default_request-rule_defaultaction_result</Actions></WSStylePolicyRule><StylePolicyAction name="basicwsp_default_response-rule_defaultaction_result" xmlns:env="http://www.w3.org/2003/05/soap-envelope" xmlns:dp="http://www.datapower.com/schemas/management">
<mAdminState>enabled</mAdminState>
<Type>results</Type>
<Input>INPUT</Input>
<Output>OUTPUT</Output>
<NamedInOutLocationType>default</NamedInOutLocationType>
<OutputType>default</OutputType>
<Transactional>off</Transactional>
<SOAPValidation>body</SOAPValidation>
<SQLSourceType>static</SQLSourceType>
<Asynchronous>off</Asynchronous>
<ResultsMode>first-available</ResultsMode>
<RetryCount>0</RetryCount>
<RetryInterval>1000</RetryInterval>
<MultipleOutputs>off</MultipleOutputs>
<IteratorType>XPATH</IteratorType>
<Timeout>0</Timeout>
<MethodRewriteType>GET</MethodRewriteType>
<MethodType>POST</MethodType>
<MethodType2>POST</MethodType2></StylePolicyAction><WSStylePolicyRule name="basicwsp_default_response-rule" xmlns:env="http://www.w3.org/2003/05/soap-envelope" xmlns:dp="http://www.datapower.com/schemas/management">
<mAdminState>enabled</mAdminState>
<Direction>response-rule</Direction>
<InputFormat>none</InputFormat>
<OutputFormat>none</OutputFormat>
<NonXMLProcessing>off</NonXMLProcessing>
<Unprocessed>off</Unprocessed>
<Actions class="StylePolicyAction">basicwsp_default_response-rule_defaultaction_result</Actions></WSStylePolicyRule><WSStylePolicy name="basicwsp" xmlns:env="http://www.w3.org/2003/05/soap-envelope" xmlns:dp="http://www.datapower.com/schemas/management">
<mAdminState>enabled</mAdminState>
<DefStylesheetForSoap>store:///filter-reject-all.xsl</DefStylesheetForSoap>
<DefStylesheetForXsl>store:///identity.xsl</DefStylesheetForXsl>
<PolicyMaps>
<WSDLComponentType>fragmentid</WSDLComponentType>
<WSDLComponentValue/>
<Match class="Matching">basicwsp_match_all</Match>
<Rule class="WSStylePolicyRule">basicwsp_default_request-rule</Rule>
<Subscription/>
<WSDLFragmentID>http://www.datapower.com/fragment-id#dp.all()</WSDLFragmentID></PolicyMaps>
<PolicyMaps>
<WSDLComponentType>fragmentid</WSDLComponentType>
<WSDLComponentValue/>
<Match class="Matching">basicwsp_match_all</Match>
<Rule class="WSStylePolicyRule">basicwsp_default_response-rule</Rule>
<Subscription/>
<WSDLFragmentID>http://www.datapower.com/fragment-id#dp.all()</WSDLFragmentID></PolicyMaps></WSStylePolicy><PolicyAttachments name="basicwsp_app-mgmt-protocol-v2.wsdl" xmlns:env="http://www.w3.org/2003/05/soap-envelope" xmlns:dp="http://www.datapower.com/schemas/management">
<mAdminState>enabled</mAdminState>
<EnforcementMode>enforce</EnforcementMode>
<PolicyReferences>on</PolicyReferences></PolicyAttachments><WSGateway name="basicwsp" xmlns:env="http://www.w3.org/2003/05/soap-envelope" xmlns:dp="http://www.datapower.com/schemas/management">
<mAdminState>enabled</mAdminState>
<Priority>normal</Priority>
<XMLManager class="XMLManager">basicwsp</XMLManager>
<SSLProxy class="SSLProxyProfile">acceptAnything</SSLProxy>
<DefaultParamNamespace>http://www.datapower.com/param/config</DefaultParamNamespace>
<QueryParamNamespace>http://www.datapower.com/param/query</QueryParamNamespace>
<PropagateURI>off</PropagateURI>
<MonitorProcessingPolicy>terminate-at-first-throttle</MonitorProcessingPolicy>
<RequestAttachments>strip</RequestAttachments>
<ResponseAttachments>strip</ResponseAttachments>
<RootPartNotFirstAction>process-in-order</RootPartNotFirstAction>
<FrontAttachmentFormat>dynamic</FrontAttachmentFormat>
<BackAttachmentFormat>dynamic</BackAttachmentFormat>
<MIMEFrontHeaders>on</MIMEFrontHeaders>
<MIMEBackHeaders>on</MIMEBackHeaders>
<StreamOutputToBack>buffer-until-verification</StreamOutputToBack>
<StreamOutputToFront>buffer-until-verification</StreamOutputToFront>
<MaxMessageSize>0</MaxMessageSize>
<GatewayParserLimits>off</GatewayParserLimits>
<ParserLimitsElementDepth>512</ParserLimitsElementDepth>
<ParserLimitsAttributeCount>128</ParserLimitsAttributeCount>
<ParserLimitsMaxNodeSize>33554432</ParserLimitsMaxNodeSize>
<ParserLimitsForbidExternalReferences>on</ParserLimitsForbidExternalReferences>
<ParserLimitsExternalReferences>forbid</ParserLimitsExternalReferences>
<ParserLimitsMaxPrefixes>0</ParserLimitsMaxPrefixes>
<ParserLimitsMaxNamespaces>0</ParserLimitsMaxNamespaces>
<ParserLimitsMaxLocalNames>0</ParserLimitsMaxLocalNames>
<ParserLimitsAttachmentByteCount>2000000000</ParserLimitsAttachmentByteCount>
<ParserLimitsAttachmentPackageByteCount>0</ParserLimitsAttachmentPackageByteCount>
<DebugMode persisted="false">off</DebugMode>
<DebuggerType>internal</DebuggerType>
<DebugHistory>25</DebugHistory>
<RequestType>soap</RequestType>
<ResponseType>soap</ResponseType>
<FlowControl>off</FlowControl>
<SOAPSchemaURL>store:///schemas/soap-envelope.xsd</SOAPSchemaURL>
<FrontTimeout>120</FrontTimeout>
<BackTimeout>120</BackTimeout>
<FrontPersistentTimeout>180</FrontPersistentTimeout>
<BackPersistentTimeout>180</BackPersistentTimeout>
<IncludeResponseTypeEncoding>off</IncludeResponseTypeEncoding>
<BackHTTPVersion>HTTP/1.1</BackHTTPVersion>
<AllowCompression>off</AllowCompression>
<PersistentConnections>on</PersistentConnections>
<LoopDetection>off</LoopDetection>
<FollowRedirects>on</FollowRedirects>
<DoHostRewriting>on</DoHostRewriting>
<DoChunkedUpload>off</DoChunkedUpload>
<ProcessHTTPErrors>on</ProcessHTTPErrors>
<HTTPClientIPLabel>X-Client-IP</HTTPClientIPLabel>
<InOrderMode>
<Request>off</Request>
<Backend>off</Backend>
<Response>off</Response></InOrderMode>
<WSAMode>sync2sync</WSAMode>
<WSARequireAAA>on</WSARequireAAA>
<WSAStrip>on</WSAStrip>
<WSADefaultReplyTo>http://schemas.xmlsoap.org/ws/2004/08/addressing/role/anonymous</WSADefaultReplyTo>
<WSADefaultFaultTo>http://schemas.xmlsoap.org/ws/2004/08/addressing/role/anonymous</WSADefaultFaultTo>
<WSAForce>off</WSAForce>
<WSAGenStyle>sync</WSAGenStyle>
<WSAHTTPAsyncResponseCode>204</WSAHTTPAsyncResponseCode>
<WSATimeout>120</WSATimeout>
<WSRMEnabled>off</WSRMEnabled>
<WSRMSequenceExpiration>3600</WSRMSequenceExpiration>
<WSRMDestinationAcceptCreateSequence>on</WSRMDestinationAcceptCreateSequence>
<WSRMDestinationMaximumSequences>400</WSRMDestinationMaximumSequences>
<WSRMDestinationInOrder>off</WSRMDestinationInOrder>
<WSRMDestinationMaximumInOrderQueueLength>10</WSRMDestinationMaximumInOrderQueueLength>
<WSRMDestinationAcceptOffers>off</WSRMDestinationAcceptOffers>
<WSRMFrontForce>off</WSRMFrontForce>
<WSRMBackForce>off</WSRMBackForce>
<WSRMBackCreateSequence>off</WSRMBackCreateSequence>
<WSRMFrontCreateSequence>off</WSRMFrontCreateSequence>
<WSRMSourceMakeOffer>off</WSRMSourceMakeOffer>
<WSRMUsesSequenceSSL>off</WSRMUsesSequenceSSL>
<WSRMSourceMaximumSequences>400</WSRMSourceMaximumSequences>
<WSRMSourceRetransmissionInterval>10</WSRMSourceRetransmissionInterval>
<WSRMSourceExponentialBackoff>on</WSRMSourceExponentialBackoff>
<WSRMSourceMaximumRetransmissions>4</WSRMSourceMaximumRetransmissions>
<WSRMSourceMaximumQueueLength>30</WSRMSourceMaximumQueueLength>
<WSRMSourceRequestAckCount>1</WSRMSourceRequestAckCount>
<WSRMSourceInactivityClose>360</WSRMSourceInactivityClose>
<ForcePolicyExec>off</ForcePolicyExec>
<RewriteErrors>on</RewriteErrors>
<Type>static-from-wsdl</Type>
<AutoCreateSources>off</AutoCreateSources>
<EndpointRewritePolicy class="WSEndpointRewritePolicy">basicwsp</EndpointRewritePolicy>
<StylePolicy class="WSStylePolicy">basicwsp</StylePolicy>
<RemoteFetchRetry>
<AutomaticRetry>off</AutomaticRetry>
<RetryInterval>1</RetryInterval>
<ReportingInterval>1</ReportingInterval>
<TotalRetries>1</TotalRetries></RemoteFetchRetry>
<BaseWSDL>
<WSDLSourceLocation>local:///app-mgmt-protocol-v2.wsdl</WSDLSourceLocation>
<WSDLName>app-mgmt-protocol-v2.wsdl</WSDLName>
<PolicyAttachments class="PolicyAttachments">basicwsp_app-mgmt-protocol-v2.wsdl</PolicyAttachments></BaseWSDL>
<EncryptedKeySHA1CacheLifeTime>0</EncryptedKeySHA1CacheLifeTime>
<PreserveKeyChain>off</PreserveKeyChain>
<DecryptWithKeyFromED>off</DecryptWithKeyFromED>
<SOAPActionPolicy>lax</SOAPActionPolicy></WSGateway></configuration><files><file name="local:///app-mgmt-protocol-v2.wsdl" src="local/app-mgmt-protocol-v2.wsdl" location="local" hash="gne05YDNNDngOaRZ89pRaj7+rr0="/><file name="local:///app-mgmt-protocol-v2.xsd" src="local/app-mgmt-protocol-v2.xsd" location="local" hash="JSZRQf7o89p/5yY3W+46fL6ON14="/><file name="local:///xml-mgmt-base.xsd" src="local/xml-mgmt-base.xsd" location="local" hash="0u+52uJrACa2lvbv08UvEED7aZY="/><file name="local:///xml-mgmt-ops.xsd" src="local/xml-mgmt-ops.xsd" location="local" hash="VwITS4GmmPnuhNLZS1hXrZiCTy4="/><file name="local:///xml-mgmt.wsdl" src="local/xml-mgmt.wsdl" location="local" hash="X+8ZohaoBqVaOjVQ3fJV2U9pKHo="/><file name="local:///xml-mgmt.xsd" src="local/xml-mgmt.xsd" location="local" hash="hCOVY8Yqb7+hvU6zlk3LS3ijkuo="/><file name="config:///regroot-cman-test.cfg" src="config/regroot-cman-test.cfg" location="config" hash="VN6vfKevWOUEX4FNFXYAgIzUmVY="/><file name="webgui:///clixform.xsl" src="dp-aux/clixform.xsl" location="dp-aux" internal="true" hash="HROJR1EqgW3CZTJI4xniw81sWx0="/><file name="webgui:///SchemaUtil.xsl" src="dp-aux/SchemaUtil.xsl" location="dp-aux" internal="true" hash="+EyYZxcz8cJMOIPca5cc3w3UwKY="/><file name="webgui:///management.xsl" src="dp-aux/management.xsl" location="dp-aux" internal="true" hash="+Ew49hOqS776HMWjBuzmaGBUaac="/><file name="webgui:///map-dmz.xsl" src="dp-aux/map-dmz.xsl" location="dp-aux" internal="true" hash="IEZVhvGN+AlSI1ERT6daILfIUb0="/><file name="webgui:///drMgmt.xml" src="dp-aux/drMgmt.xml" location="dp-aux" internal="true" hash="2S2yda3NXS93h+6RXfiY6amr2z0="/><file name="webgui:///basetypes.xml" src="dp-aux/basetypes.xml" location="dp-aux" internal="true" hash="va3o1RHfV1IkJRgzaRvf9jCxSgo="/></files></datapower-configuration>