<datapower-configuration version="3"><export-details><description>Exported Configuration </description><user>admin</user><domain>regroot-cman-test</domain><comment/><product-id>92354BX</product-id><product>XI50</product><display-product>XI50</display-product><model>DataPower XI50</model><display-model>DataPower XI50</display-model><device-name>isswdatapower9.rtp.raleigh.ibm.com</device-name><serial-number>6801885</serial-number><firmware-version>XI50.4.0.2.4</firmware-version><display-firmware-version>XI50.4.0.2.4</display-firmware-version><firmware-build>211216</firmware-build><firmware-timestamp>2012/03/25 08:54:14</firmware-timestamp><current-date>2012-03-31</current-date><current-time>12:20:22 EDT</current-time><reset-date>2012-03-29</reset-date><reset-time>15:42:07 EDT</reset-time><login-message/><custom-ui-file/></export-details><interface-data><interface name="eth0" ip-addr="9.37.128.109"/><interface name="eth2" ip-addr="167.6.236.173"/></interface-data><configuration domain="regroot-cman-test"><HTTPUserAgent name="default" intrinsic="true" xmlns:env="http://www.w3.org/2003/05/soap-envelope" xmlns:dp="http://www.datapower.com/schemas/management">
<mAdminState>enabled</mAdminState>
<UserSummary>Default User Agent</UserSummary>
<MaxRedirects>8</MaxRedirects>
<Timeout>300</Timeout></HTTPUserAgent><XMLManager name="default" intrinsic="true" xmlns:env="http://www.w3.org/2003/05/soap-envelope" xmlns:dp="http://www.datapower.com/schemas/management">
<mAdminState>enabled</mAdminState>
<UserSummary>Default XML-Manager</UserSummary>
<CacheSize>256</CacheSize>
<SHA1Caching>on</SHA1Caching>
<StaticDocumentCalls>on</StaticDocumentCalls>
<SearchResults>on</SearchResults>
<SupportTxWarn>off</SupportTxWarn>
<Memoization>on</Memoization>
<ParserLimitsBytesScanned>4194304</ParserLimitsBytesScanned>
<ParserLimitsElementDepth>512</ParserLimitsElementDepth>
<ParserLimitsAttributeCount>128</ParserLimitsAttributeCount>
<ParserLimitsMaxNodeSize>33554432</ParserLimitsMaxNodeSize>
<ParserLimitsForbidExternalReferences>on</ParserLimitsForbidExternalReferences>
<ParserLimitsExternalReferences>forbid</ParserLimitsExternalReferences>
<ParserLimitsMaxPrefixes>0</ParserLimitsMaxPrefixes>
<ParserLimitsMaxNamespaces>0</ParserLimitsMaxNamespaces>
<ParserLimitsMaxLocalNames>0</ParserLimitsMaxLocalNames>
<DocCacheMaxDocs>5000</DocCacheMaxDocs>
<DocCacheSize>0</DocCacheSize>
<UserAgent class="HTTPUserAgent">default</UserAgent></XMLManager><HTTPSourceProtocolHandler name="logsoap-http-fsh" xmlns:env="http://www.w3.org/2003/05/soap-envelope" xmlns:dp="http://www.datapower.com/schemas/management">
<mAdminState>enabled</mAdminState>
<LocalAddress>0.0.0.0</LocalAddress>
<LocalPort>10</LocalPort>
<HTTPVersion>HTTP/1.1</HTTPVersion>
<AllowedFeatures>
<HTTP-1.0>on</HTTP-1.0>
<HTTP-1.1>on</HTTP-1.1>
<POST>on</POST>
<GET>off</GET>
<PUT>on</PUT>
<HEAD>off</HEAD>
<OPTIONS>off</OPTIONS>
<TRACE>off</TRACE>
<DELETE>off</DELETE>
<CONNECT>off</CONNECT>
<QueryString>on</QueryString>
<FragmentIdentifiers>on</FragmentIdentifiers>
<DotDot>off</DotDot>
<CmdExe>off</CmdExe></AllowedFeatures>
<PersistentConnections>on</PersistentConnections>
<AllowCompression>off</AllowCompression>
<MaxURLLen>16384</MaxURLLen>
<MaxTotalHdrLen>128000</MaxTotalHdrLen>
<MaxHdrCount>0</MaxHdrCount>
<MaxNameHdrLen>0</MaxNameHdrLen>
<MaxValueHdrLen>0</MaxValueHdrLen>
<MaxQueryStringLen>0</MaxQueryStringLen></HTTPSourceProtocolHandler><WSEndpointRewritePolicy name="logsoap" xmlns:env="http://www.w3.org/2003/05/soap-envelope" xmlns:dp="http://www.datapower.com/schemas/management">
<mAdminState>enabled</mAdminState>
<WSEndpointLocalRewriteRule>
<ServicePortMatchRegexp>^{http://www.datapower.com/schemas/soaplog/wsdl}soaplog12$</ServicePortMatchRegexp>
<LocalEndpointProtocol>default</LocalEndpointProtocol>
<LocalEndpointHostname>0.0.0.0</LocalEndpointHostname>
<LocalEndpointPort>0</LocalEndpointPort>
<LocalEndpointURI>/dev/null</LocalEndpointURI>
<FrontProtocol class="HTTPSourceProtocolHandler">logsoap-http-fsh</FrontProtocol>
<UseFrontProtocol>on</UseFrontProtocol>
<WSDLBindingProtocol>soap-12</WSDLBindingProtocol>
<FrontsidePortSuffix/></WSEndpointLocalRewriteRule>
<WSEndpointLocalRewriteRule>
<ServicePortMatchRegexp>^{http://www.datapower.com/schemas/soaplog/wsdl}soaplog$</ServicePortMatchRegexp>
<LocalEndpointProtocol>default</LocalEndpointProtocol>
<LocalEndpointHostname>0.0.0.0</LocalEndpointHostname>
<LocalEndpointPort>0</LocalEndpointPort>
<LocalEndpointURI>/dev/null</LocalEndpointURI>
<FrontProtocol class="HTTPSourceProtocolHandler">logsoap-http-fsh</FrontProtocol>
<UseFrontProtocol>on</UseFrontProtocol>
<WSDLBindingProtocol>soap-11</WSDLBindingProtocol>
<FrontsidePortSuffix/></WSEndpointLocalRewriteRule>
<WSEndpointRemoteRewriteRule>
<ServicePortMatchRegexp>^{http://www.datapower.com/schemas/soaplog/wsdl}soaplog12$</ServicePortMatchRegexp>
<RemoteEndpointProtocol>default</RemoteEndpointProtocol>
<RemoteEndpointHostname>127.0.0.1</RemoteEndpointHostname>
<RemoteEndpointPort>1</RemoteEndpointPort>
<RemoteEndpointURI>/dev/null</RemoteEndpointURI>
<RemoteMQQM/>
<RemoteTibcoEMS/>
<RemoteWebSphereJMS/></WSEndpointRemoteRewriteRule>
<WSEndpointRemoteRewriteRule>
<ServicePortMatchRegexp>^{http://www.datapower.com/schemas/soaplog/wsdl}soaplog$</ServicePortMatchRegexp>
<RemoteEndpointProtocol>default</RemoteEndpointProtocol>
<RemoteEndpointHostname>127.0.0.1</RemoteEndpointHostname>
<RemoteEndpointPort>1</RemoteEndpointPort>
<RemoteEndpointURI>/dev/null</RemoteEndpointURI>
<RemoteMQQM/>
<RemoteTibcoEMS/>
<RemoteWebSphereJMS/></WSEndpointRemoteRewriteRule></WSEndpointRewritePolicy><Matching name="logsoap_match_all" xmlns:env="http://www.w3.org/2003/05/soap-envelope" xmlns:dp="http://www.datapower.com/schemas/management">
<mAdminState>enabled</mAdminState>
<MatchRules>
<Type>url</Type>
<HttpTag/>
<HttpValue/>
<Url>*</Url>
<ErrorCode/>
<XPATHExpression/>
<Method>default</Method></MatchRules>
<MatchWithPCRE>off</MatchWithPCRE>
<CombineWithOr>off</CombineWithOr></Matching><SLMPolicy name="logsoap" xmlns:env="http://www.w3.org/2003/05/soap-envelope" xmlns:dp="http://www.datapower.com/schemas/management">
<mAdminState>enabled</mAdminState></SLMPolicy><StylePolicyAction name="logsoap_default_request-rule_defaultaction_slm" xmlns:env="http://www.w3.org/2003/05/soap-envelope" xmlns:dp="http://www.datapower.com/schemas/management">
<mAdminState>enabled</mAdminState>
<Type>slm</Type>
<Input>INPUT</Input>
<Output>NULL</Output>
<NamedInOutLocationType>default</NamedInOutLocationType>
<Transactional>off</Transactional>
<SLMPolicy>logsoap</SLMPolicy>
<SOAPValidation>body</SOAPValidation>
<SQLSourceType>static</SQLSourceType>
<Asynchronous>off</Asynchronous>
<ResultsMode>first-available</ResultsMode>
<RetryCount>0</RetryCount>
<RetryInterval>1000</RetryInterval>
<MultipleOutputs>off</MultipleOutputs>
<IteratorType>XPATH</IteratorType>
<Timeout>0</Timeout>
<MethodRewriteType>GET</MethodRewriteType>
<MethodType>POST</MethodType>
<MethodType2>POST</MethodType2></StylePolicyAction><StylePolicyAction name="logsoap_default_request-rule_defaultaction_result" xmlns:env="http://www.w3.org/2003/05/soap-envelope" xmlns:dp="http://www.datapower.com/schemas/management">
<mAdminState>enabled</mAdminState>
<Type>results</Type>
<Input>INPUT</Input>
<Output>OUTPUT</Output>
<NamedInOutLocationType>default</NamedInOutLocationType>
<OutputType>default</OutputType>
<Transactional>off</Transactional>
<SOAPValidation>body</SOAPValidation>
<SQLSourceType>static</SQLSourceType>
<Asynchronous>off</Asynchronous>
<ResultsMode>first-available</ResultsMode>
<RetryCount>0</RetryCount>
<RetryInterval>1000</RetryInterval>
<MultipleOutputs>off</MultipleOutputs>
<IteratorType>XPATH</IteratorType>
<Timeout>0</Timeout>
<MethodRewriteType>GET</MethodRewriteType>
<MethodType>POST</MethodType>
<MethodType2>POST</MethodType2></StylePolicyAction><WSStylePolicyRule name="logsoap_default_request-rule" xmlns:env="http://www.w3.org/2003/05/soap-envelope" xmlns:dp="http://www.datapower.com/schemas/management">
<mAdminState>enabled</mAdminState>
<Direction>request-rule</Direction>
<InputFormat>none</InputFormat>
<OutputFormat>none</OutputFormat>
<NonXMLProcessing>off</NonXMLProcessing>
<Unprocessed>off</Unprocessed>
<Actions class="StylePolicyAction">logsoap_default_request-rule_defaultaction_slm</Actions>
<Actions class="StylePolicyAction">logsoap_default_request-rule_defaultaction_result</Actions></WSStylePolicyRule><StylePolicyAction name="logsoap_default_response-rule_defaultaction_result" xmlns:env="http://www.w3.org/2003/05/soap-envelope" xmlns:dp="http://www.datapower.com/schemas/management">
<mAdminState>enabled</mAdminState>
<Type>results</Type>
<Input>INPUT</Input>
<Output>OUTPUT</Output>
<NamedInOutLocationType>default</NamedInOutLocationType>
<OutputType>default</OutputType>
<Transactional>off</Transactional>
<SOAPValidation>body</SOAPValidation>
<SQLSourceType>static</SQLSourceType>
<Asynchronous>off</Asynchronous>
<ResultsMode>first-available</ResultsMode>
<RetryCount>0</RetryCount>
<RetryInterval>1000</RetryInterval>
<MultipleOutputs>off</MultipleOutputs>
<IteratorType>XPATH</IteratorType>
<Timeout>0</Timeout>
<MethodRewriteType>GET</MethodRewriteType>
<MethodType>POST</MethodType>
<MethodType2>POST</MethodType2></StylePolicyAction><WSStylePolicyRule name="logsoap_default_response-rule" xmlns:env="http://www.w3.org/2003/05/soap-envelope" xmlns:dp="http://www.datapower.com/schemas/management">
<mAdminState>enabled</mAdminState>
<Direction>response-rule</Direction>
<InputFormat>none</InputFormat>
<OutputFormat>none</OutputFormat>
<NonXMLProcessing>off</NonXMLProcessing>
<Unprocessed>off</Unprocessed>
<Actions class="StylePolicyAction">logsoap_default_response-rule_defaultaction_result</Actions></WSStylePolicyRule><WSStylePolicy name="logsoap" xmlns:env="http://www.w3.org/2003/05/soap-envelope" xmlns:dp="http://www.datapower.com/schemas/management">
<mAdminState>enabled</mAdminState>
<DefStylesheetForSoap>store:///filter-reject-all.xsl</DefStylesheetForSoap>
<DefStylesheetForXsl>store:///identity.xsl</DefStylesheetForXsl>
<PolicyMaps>
<WSDLComponentType>fragmentid</WSDLComponentType>
<WSDLComponentValue/>
<Match class="Matching">logsoap_match_all</Match>
<Rule class="WSStylePolicyRule">logsoap_default_request-rule</Rule>
<Subscription/>
<WSDLFragmentID>http://www.datapower.com/fragment-id#dp.all()</WSDLFragmentID></PolicyMaps>
<PolicyMaps>
<WSDLComponentType>fragmentid</WSDLComponentType>
<WSDLComponentValue/>
<Match class="Matching">logsoap_match_all</Match>
<Rule class="WSStylePolicyRule">logsoap_default_response-rule</Rule>
<Subscription/>
<WSDLFragmentID>http://www.datapower.com/fragment-id#dp.all()</WSDLFragmentID></PolicyMaps></WSStylePolicy><PolicyAttachments name="logsoap_log-soap.wsdl" xmlns:env="http://www.w3.org/2003/05/soap-envelope" xmlns:dp="http://www.datapower.com/schemas/management">
<mAdminState>enabled</mAdminState>
<EnforcementMode>enforce</EnforcementMode>
<PolicyReferences>on</PolicyReferences></PolicyAttachments><WSGateway name="logsoap" xmlns:env="http://www.w3.org/2003/05/soap-envelope" xmlns:dp="http://www.datapower.com/schemas/management">
<mAdminState>enabled</mAdminState>
<Priority>normal</Priority>
<XMLManager class="XMLManager">default</XMLManager>
<DefaultParamNamespace>http://www.datapower.com/param/config</DefaultParamNamespace>
<QueryParamNamespace>http://www.datapower.com/param/query</QueryParamNamespace>
<PropagateURI>off</PropagateURI>
<MonitorProcessingPolicy>terminate-at-first-throttle</MonitorProcessingPolicy>
<RequestAttachments>strip</RequestAttachments>
<ResponseAttachments>strip</ResponseAttachments>
<RootPartNotFirstAction>process-in-order</RootPartNotFirstAction>
<FrontAttachmentFormat>dynamic</FrontAttachmentFormat>
<BackAttachmentFormat>dynamic</BackAttachmentFormat>
<MIMEFrontHeaders>on</MIMEFrontHeaders>
<MIMEBackHeaders>on</MIMEBackHeaders>
<StreamOutputToBack>buffer-until-verification</StreamOutputToBack>
<StreamOutputToFront>buffer-until-verification</StreamOutputToFront>
<MaxMessageSize>0</MaxMessageSize>
<GatewayParserLimits>off</GatewayParserLimits>
<ParserLimitsElementDepth>512</ParserLimitsElementDepth>
<ParserLimitsAttributeCount>128</ParserLimitsAttributeCount>
<ParserLimitsMaxNodeSize>33554432</ParserLimitsMaxNodeSize>
<ParserLimitsForbidExternalReferences>on</ParserLimitsForbidExternalReferences>
<ParserLimitsExternalReferences>forbid</ParserLimitsExternalReferences>
<ParserLimitsMaxPrefixes>0</ParserLimitsMaxPrefixes>
<ParserLimitsMaxNamespaces>0</ParserLimitsMaxNamespaces>
<ParserLimitsMaxLocalNames>0</ParserLimitsMaxLocalNames>
<ParserLimitsAttachmentByteCount>2000000000</ParserLimitsAttachmentByteCount>
<ParserLimitsAttachmentPackageByteCount>0</ParserLimitsAttachmentPackageByteCount>
<DebugMode persisted="false">off</DebugMode>
<DebuggerType>internal</DebuggerType>
<DebugHistory>25</DebugHistory>
<FlowControl>off</FlowControl>
<SOAPSchemaURL>store:///schemas/soap-envelope.xsd</SOAPSchemaURL>
<FrontTimeout>120</FrontTimeout>
<BackTimeout>120</BackTimeout>
<FrontPersistentTimeout>180</FrontPersistentTimeout>
<BackPersistentTimeout>180</BackPersistentTimeout>
<IncludeResponseTypeEncoding>off</IncludeResponseTypeEncoding>
<BackHTTPVersion>HTTP/1.1</BackHTTPVersion>
<PersistentConnections>on</PersistentConnections>
<LoopDetection>off</LoopDetection>
<DoHostRewriting>on</DoHostRewriting>
<DoChunkedUpload>off</DoChunkedUpload>
<ProcessHTTPErrors>on</ProcessHTTPErrors>
<HTTPClientIPLabel>X-Client-IP</HTTPClientIPLabel>
<InOrderMode>
<Request>off</Request>
<Backend>off</Backend>
<Response>off</Response></InOrderMode>
<WSAMode>sync2sync</WSAMode>
<WSARequireAAA>on</WSARequireAAA>
<WSAStrip>on</WSAStrip>
<WSADefaultReplyTo>http://schemas.xmlsoap.org/ws/2004/08/addressing/role/anonymous</WSADefaultReplyTo>
<WSADefaultFaultTo>http://schemas.xmlsoap.org/ws/2004/08/addressing/role/anonymous</WSADefaultFaultTo>
<WSAForce>off</WSAForce>
<WSAGenStyle>sync</WSAGenStyle>
<WSAHTTPAsyncResponseCode>204</WSAHTTPAsyncResponseCode>
<WSATimeout>120</WSATimeout>
<WSRMEnabled>off</WSRMEnabled>
<WSRMSequenceExpiration>3600</WSRMSequenceExpiration>
<WSRMDestinationAcceptCreateSequence>on</WSRMDestinationAcceptCreateSequence>
<WSRMDestinationMaximumSequences>400</WSRMDestinationMaximumSequences>
<WSRMDestinationInOrder>off</WSRMDestinationInOrder>
<WSRMDestinationMaximumInOrderQueueLength>10</WSRMDestinationMaximumInOrderQueueLength>
<WSRMDestinationAcceptOffers>off</WSRMDestinationAcceptOffers>
<WSRMFrontForce>off</WSRMFrontForce>
<WSRMBackForce>off</WSRMBackForce>
<WSRMBackCreateSequence>off</WSRMBackCreateSequence>
<WSRMFrontCreateSequence>off</WSRMFrontCreateSequence>
<WSRMSourceMakeOffer>off</WSRMSourceMakeOffer>
<WSRMUsesSequenceSSL>off</WSRMUsesSequenceSSL>
<WSRMSourceMaximumSequences>400</WSRMSourceMaximumSequences>
<WSRMSourceRetransmissionInterval>10</WSRMSourceRetransmissionInterval>
<WSRMSourceExponentialBackoff>on</WSRMSourceExponentialBackoff>
<WSRMSourceMaximumRetransmissions>4</WSRMSourceMaximumRetransmissions>
<WSRMSourceMaximumQueueLength>30</WSRMSourceMaximumQueueLength>
<WSRMSourceRequestAckCount>1</WSRMSourceRequestAckCount>
<WSRMSourceInactivityClose>360</WSRMSourceInactivityClose>
<ForcePolicyExec>off</ForcePolicyExec>
<RewriteErrors>on</RewriteErrors>
<DelayErrors>on</DelayErrors>
<DelayErrorsDuration>3000</DelayErrorsDuration>
<RequestType>soap</RequestType>
<ResponseType>soap</ResponseType>
<FollowRedirects>on</FollowRedirects>
<AllowCompression>off</AllowCompression>
<Type>static-from-wsdl</Type>
<AutoCreateSources>off</AutoCreateSources>
<EndpointRewritePolicy class="WSEndpointRewritePolicy">logsoap</EndpointRewritePolicy>
<StylePolicy class="WSStylePolicy">logsoap</StylePolicy>
<RemoteFetchRetry>
<AutomaticRetry>off</AutomaticRetry>
<RetryInterval>1</RetryInterval>
<ReportingInterval>1</ReportingInterval>
<TotalRetries>1</TotalRetries></RemoteFetchRetry>
<BaseWSDL>
<WSDLSourceLocation>store:///log-soap.wsdl</WSDLSourceLocation>
<WSDLName>log-soap.wsdl</WSDLName>
<PolicyAttachments class="PolicyAttachments">logsoap_log-soap.wsdl</PolicyAttachments></BaseWSDL>
<EncryptedKeySHA1CacheLifeTime>0</EncryptedKeySHA1CacheLifeTime>
<PreserveKeyChain>off</PreserveKeyChain>
<DecryptWithKeyFromED>off</DecryptWithKeyFromED>
<SOAPActionPolicy>lax</SOAPActionPolicy></WSGateway></configuration><files><file name="store:///log-soap.wsdl" src="store/log-soap.wsdl" location="store" hash="Y0bU4905zj0VUflB7OfdTQwVMSI="/><file name="store:///log-soap.xsd" src="store/log-soap.xsd" location="store" hash="o4hX3RIe9mxrOdzjVEyUAmt/VoY="/><file name="webgui:///clixform.xsl" src="dp-aux/clixform.xsl" location="dp-aux" internal="true" hash="FtPstVU4SbarUep8E2UZ0MVSfZA="/><file name="webgui:///SchemaUtil.xsl" src="dp-aux/SchemaUtil.xsl" location="dp-aux" internal="true" hash="+EyYZxcz8cJMOIPca5cc3w3UwKY="/><file name="webgui:///management.xsl" src="dp-aux/management.xsl" location="dp-aux" internal="true" hash="+Ew49hOqS776HMWjBuzmaGBUaac="/><file name="webgui:///map-dmz.xsl" src="dp-aux/map-dmz.xsl" location="dp-aux" internal="true" hash="IEZVhvGN+AlSI1ERT6daILfIUb0="/><file name="webgui:///drMgmt.xml" src="dp-aux/drMgmt.xml" location="dp-aux" internal="true" hash="ge+djCx5vZOpbaL/PMtvca+OEQo="/><file name="webgui:///basetypes.xml" src="dp-aux/basetypes.xml" location="dp-aux" internal="true" hash="va3o1RHfV1IkJRgzaRvf9jCxSgo="/></files></datapower-configuration>